setup,slot,type,n,page,position,canal,cc,nom_roto,couleur,cible,ce_que_ca_fait,comportement,crans
RYTM,11,potard,0,1,1,1,14,MASTER,blanc,rytm:enc:level,MASTER,continu,
RYTM,11,potard,1,1,2,1,15,TEMPO,blanc,rytm:enc:tempo,TEMPO,continu,
RYTM,11,potard,2,1,3,1,16,SWING,orange,rytm:enc:swing,SWING,continu,
RYTM,11,potard,3,1,4,1,17,STRETCH,orange,rytm:enc:stretch,STRETCH,"bipolaire, cran au milieu (64)",
RYTM,11,potard,4,1,5,1,18,DIST,violet,rytm:enc:dist,DIST,continu,
RYTM,11,potard,5,1,6,1,19,CHORUS,violet,rytm:enc:chorus,CHORUS,continu,
RYTM,11,potard,6,1,7,1,20,DELAY,violet,rytm:enc:delay,DELAY,continu,
RYTM,11,potard,7,1,8,1,21,REVERB,violet,rytm:enc:reverb,REVERB,continu,
RYTM,11,potard,8,2,1,1,22,VOLUME,jaune,rytm:enc:vol,VOLUME (SELECTED VOICE),continu,
RYTM,11,potard,9,2,2,1,23,SAMPLE,or,rytm:enc:vsound,SAMPLE (SELECTED VOICE),continu,
RYTM,11,potard,10,2,3,1,24,TONE,jaune,rytm:enc:tone,TONE (SELECTED VOICE),"bipolaire, cran au milieu (64)",
RYTM,11,potard,11,2,4,1,25,DECAY,jaune,rytm:enc:vdecay,DECAY (SELECTED VOICE),continu,
RYTM,11,potard,12,2,5,1,26,V DIST,peche,rytm:enc:vdist,DIST (SELECTED VOICE),continu,
RYTM,11,potard,13,2,6,1,27,V CHORUS,peche,rytm:enc:vchorus,CHORUS (SELECTED VOICE),continu,
RYTM,11,potard,14,2,7,1,28,V DELAY,peche,rytm:enc:vdelay,DELAY (SELECTED VOICE),continu,
RYTM,11,potard,15,2,8,1,29,V REVERB,peche,rytm:enc:vreverb,REVERB (SELECTED VOICE),continu,
RYTM,11,potard,16,3,1,1,30,BD VOL,creme,rytm:voice:BD:level,BD VOLUME,continu,
RYTM,11,potard,17,3,2,1,31,SD VOL,creme,rytm:voice:SD:level,SD VOLUME,continu,
RYTM,11,potard,18,3,3,1,102,CH VOL,creme,rytm:voice:CH:level,CH VOLUME,continu,
RYTM,11,potard,19,3,4,1,103,OH VOL,creme,rytm:voice:OH:level,OH VOLUME,continu,
RYTM,11,potard,20,3,5,1,104,CP VOL,creme,rytm:voice:CP:level,CP VOLUME,continu,
RYTM,11,potard,21,3,6,1,105,TOM VOL,creme,rytm:voice:TOM:level,TOM VOLUME,continu,
RYTM,11,potard,22,3,7,1,106,HT VOL,creme,rytm:voice:HT:level,HT VOLUME,continu,
RYTM,11,potard,23,3,8,1,107,CY VOL,creme,rytm:voice:CY:level,CY VOLUME,continu,
RYTM,11,potard,24,4,1,1,108,KICK SOUND,or,rytm:kit:bd,TWEAK KICK,potard a 9 crans,909 / 808 / MM / BLUEPRINT / VNTM / ENGELHARDT / CARASSI / STEIN / AFFKT
RYTM,11,potard,25,4,2,1,109,KICK TUNE,or,rytm:kit:tune,TWEAK TUNE,"bipolaire, cran au milieu (64)",
RYTM,11,potard,26,4,3,1,110,KICK ATTACK,or,rytm:kit:attack,TWEAK ATTACK,continu,
RYTM,11,potard,27,4,4,1,111,KICK DECAY,or,rytm:kit:decay,TWEAK DECAY,continu,
RYTM,11,potard,28,4,5,1,112,KICK DRIVE,or,rytm:kit:drive,TWEAK DRIVE,continu,
RYTM,11,potard,29,4,6,1,113,SNARE SOUND,or,rytm:kit:sd,TWEAK SNARE,potard a 7 crans,909 / 808 / MM / PSY 02 / PSY 12 / PSY 26 / 707
RYTM,11,potard,30,4,7,1,114,SNAPPY,or,rytm:kit:snappy,TWEAK SNAPPY,continu,
RYTM,11,potard,31,4,8,1,115,HATS SOUND,or,rytm:kit:hh,TWEAK HATS,potard a 3 crans,909 / 808 / MM
RYTM,11,bouton,0,1,1,9,14,RUN,rouge,rytm:running,RUN (ON / OFF),bascule (la LED suit le site),
RYTM,11,bouton,1,1,2,9,15,RANDOM,orange,rytm:random,RANDOM,appui,
RYTM,11,bouton,2,1,3,9,16,CLEAR,orange,rytm:clear,CLEAR,appui,
RYTM,11,bouton,3,1,4,9,17,EDIT,jaune,rytm:edit,EDIT,appui,
RYTM,11,bouton,4,1,5,9,18,OPEN,orange,rytm:open,OPEN,appui,
RYTM,11,bouton,5,1,6,9,19,RYTM + ARP,rouge,nav:machines,PLAY/STOP RYTM + ARP,appui,
RYTM,11,bouton,6,1,7,9,20,PREV MACHINE,blanc,nav:prev,PREVIOUS MACHINE,appui,
RYTM,11,bouton,7,1,8,9,21,NEXT MACHINE,blanc,nav:next,NEXT MACHINE,appui,
RYTM,11,bouton,8,2,1,9,22,BD,jaune,rytm:pad:BD,PAD BD,appui,
RYTM,11,bouton,9,2,2,9,23,SD,jaune,rytm:pad:SD,PAD SD,appui,
RYTM,11,bouton,10,2,3,9,24,CH,jaune,rytm:pad:CH,PAD CH,appui,
RYTM,11,bouton,11,2,4,9,25,OH,jaune,rytm:pad:OH,PAD OH,appui,
RYTM,11,bouton,12,2,5,9,26,CP,jaune,rytm:pad:CP,PAD CP,appui,
RYTM,11,bouton,13,2,6,9,27,TOM,jaune,rytm:pad:TOM,PAD TOM,appui,
RYTM,11,bouton,14,2,7,9,28,HT,jaune,rytm:pad:HT,PAD HT,appui,
RYTM,11,bouton,15,2,8,9,29,CY,jaune,rytm:pad:CY,PAD CY,appui,
RYTM,11,bouton,16,3,1,9,30,MUTE BD,rose,rytm:voice:BD:mute,MUTE BD,bascule (la LED suit le site),
RYTM,11,bouton,17,3,2,9,31,MUTE SD,rose,rytm:voice:SD:mute,MUTE SD,bascule (la LED suit le site),
RYTM,11,bouton,18,3,3,9,102,MUTE CH,rose,rytm:voice:CH:mute,MUTE CH,bascule (la LED suit le site),
RYTM,11,bouton,19,3,4,9,103,MUTE OH,rose,rytm:voice:OH:mute,MUTE OH,bascule (la LED suit le site),
RYTM,11,bouton,20,3,5,9,104,MUTE CP,rose,rytm:voice:CP:mute,MUTE CP,bascule (la LED suit le site),
RYTM,11,bouton,21,3,6,9,105,MUTE TOM,rose,rytm:voice:TOM:mute,MUTE TOM,bascule (la LED suit le site),
RYTM,11,bouton,22,3,7,9,106,MUTE HT,rose,rytm:voice:HT:mute,MUTE HT,bascule (la LED suit le site),
RYTM,11,bouton,23,3,8,9,107,MUTE CY,rose,rytm:voice:CY:mute,MUTE CY,bascule (la LED suit le site),
RYTM,11,bouton,24,4,1,9,108,PTN A01,bleu,rytm:ptn:0,PATTERN A01,appui,
RYTM,11,bouton,25,4,2,9,109,PTN A02,bleu,rytm:ptn:1,PATTERN A02,appui,
RYTM,11,bouton,26,4,3,9,110,PTN A03,bleu,rytm:ptn:2,PATTERN A03,appui,
RYTM,11,bouton,27,4,4,9,111,PTN A04,bleu,rytm:ptn:3,PATTERN A04,appui,
RYTM,11,bouton,28,4,5,9,112,PTN A05,bleu,rytm:ptn:4,PATTERN A05,appui,
RYTM,11,bouton,29,4,6,9,113,PTN A06,bleu,rytm:ptn:5,PATTERN A06,appui,
RYTM,11,bouton,30,4,7,9,114,PTN A07,bleu,rytm:ptn:6,PATTERN A07,appui,
RYTM,11,bouton,31,4,8,9,115,PTN A08,bleu,rytm:ptn:7,PATTERN A08,appui,
ARP,12,potard,0,1,1,2,14,RATE,orange,voy:knob:rate,RATE,potard a 4 crans,1/4 / 1/8 / 1/16 / 1/32
ARP,12,potard,1,1,2,2,15,MODE,orange,voy:knob:mode,MODE,potard a 4 crans,UP / DOWN / UP/DN / RAND
ARP,12,potard,2,1,3,2,16,RANGE,orange,voy:knob:range,RANGE,potard a 3 crans,1 OCT / 2 OCT / 3 OCT
ARP,12,potard,3,1,4,2,17,NOTES,orange,voy:knob:notes,NOTES,potard a 9 crans,ALL / 1 / 2 / 3 / 4 / 5 / 6 / 7 / 8
ARP,12,potard,4,1,5,2,18,GATE,orange,voy:knob:gate,GATE,continu,
ARP,12,potard,5,1,6,2,19,OCTAVE,orange,voy:knob:octave,OCTAVE,potard a 5 crans,-2 / -1 / 0 / +1 / +2
ARP,12,potard,6,1,7,2,20,GLIDE,orange,voy:knob:glide,GLIDE,continu,
ARP,12,potard,7,1,8,2,21,VOLUME,blanc,voy:knob:volume,VOLUME,continu,
ARP,12,potard,8,2,1,2,22,CUTOFF,jaune,voy:knob:cutoff,CUTOFF,continu,
ARP,12,potard,9,2,2,2,23,RESONANCE,jaune,voy:knob:res,RES,continu,
ARP,12,potard,10,2,3,2,24,ENV AMOUNT,jaune,voy:knob:envAmt,ENV AMT,continu,
ARP,12,potard,11,2,4,2,25,FILTER MODE,jaune,voy:knob:fmode,MODE,potard a 4 crans,MOOG / LP12 / BP / HP
ARP,12,potard,12,2,5,2,26,OSC 1 LEVEL,or,voy:knob:osc1,OSC 1,continu,
ARP,12,potard,13,2,6,2,27,OSC 2 LEVEL,or,voy:knob:osc2,OSC 2,continu,
ARP,12,potard,14,2,7,2,28,NOISE,or,voy:knob:noise,NOISE,continu,
ARP,12,potard,15,2,8,2,29,FM,or,voy:knob:fm,FM,continu,
ARP,12,potard,16,3,1,2,30,FLT ATTACK,vert,voy:knob:fA,ATTACK,continu,
ARP,12,potard,17,3,2,2,31,FLT DECAY,vert,voy:knob:fD,DECAY,continu,
ARP,12,potard,18,3,3,2,102,FLT SUSTAIN,vert,voy:knob:fS,SUSTAIN,continu,
ARP,12,potard,19,3,4,2,103,FLT RELEASE,vert,voy:knob:fR,RELEASE,continu,
ARP,12,potard,20,3,5,2,104,AMP ATTACK,citron,voy:knob:aA,ATTACK,continu,
ARP,12,potard,21,3,6,2,105,AMP DECAY,citron,voy:knob:aD,DECAY,continu,
ARP,12,potard,22,3,7,2,106,AMP SUSTAIN,citron,voy:knob:aS,SUSTAIN,continu,
ARP,12,potard,23,3,8,2,107,AMP RELEASE,citron,voy:knob:aR,RELEASE,continu,
ARP,12,potard,24,4,1,2,108,MOD SPEED,cyan,voy:knob:lfoRate,SPEED,potard a 7 crans,1/16 / 1/8 / 1/4 / 1/2 / 1 BAR / 2 BAR / 4 BAR
ARP,12,potard,25,4,2,2,109,MOD SHAPE,cyan,voy:knob:lfoShape,SHAPE,potard a 4 crans,TRI / SAW / SQR / S&H
ARP,12,potard,26,4,3,2,110,MOD TARGET,cyan,voy:knob:lfoDest,TARGET,potard a 5 crans,WAVE / CUTOFF / FM / PITCH / W+CUT
ARP,12,potard,27,4,4,2,111,MOD DEPTH,cyan,voy:knob:lfoAmt,DEPTH,continu,
ARP,12,potard,28,4,5,2,112,OVERDRIVE,violet,voy:knob:dist,OVERDRIVE,continu,
ARP,12,potard,29,4,6,2,113,CHORUS,violet,voy:knob:chorus,CHORUS,continu,
ARP,12,potard,30,4,7,2,114,DELAY,violet,voy:knob:delay,DELAY,continu,
ARP,12,potard,31,4,8,2,115,REVERB,violet,voy:knob:reverb,REVERB,continu,
ARP,12,bouton,0,1,1,10,14,RUN,rouge,voy:running,RUN (ON / OFF),bascule (la LED suit le site),
ARP,12,bouton,1,1,2,10,15,RANDOM,orange,voy:random,RANDOM,appui,
ARP,12,bouton,2,1,3,10,16,CLEAR,orange,voy:clear,CLEAR,appui,
ARP,12,bouton,3,1,4,10,17,EDIT,jaune,voy:edit,EDIT,appui,
ARP,12,bouton,4,1,5,10,18,OPEN,orange,voy:open,OPEN,appui,
ARP,12,bouton,5,1,6,10,19,RYTM + ARP,rouge,nav:machines,PLAY/STOP RYTM + ARP,appui,
ARP,12,bouton,6,1,7,10,20,PREV MACHINE,blanc,nav:prev,PREVIOUS MACHINE,appui,
ARP,12,bouton,7,1,8,10,21,NEXT MACHINE,blanc,nav:next,NEXT MACHINE,appui,
ARP,12,bouton,8,2,1,10,22,F#m,bleu,voy:pad:0,CHORD F#m,appui,
ARP,12,bouton,9,2,2,10,23,D,bleu,voy:pad:1,CHORD D,appui,
ARP,12,bouton,10,2,3,10,24,E,bleu,voy:pad:2,CHORD E,appui,
ARP,12,bouton,11,2,4,10,25,C#m,bleu,voy:pad:3,CHORD C#m,appui,
ARP,12,bouton,12,2,5,10,26,Bm,bleu,voy:pad:4,CHORD Bm,appui,
ARP,12,bouton,13,2,6,10,27,A,bleu,voy:pad:5,CHORD A,appui,
ARP,12,bouton,14,2,7,10,28,F#m7,bleu,voy:pad:6,CHORD F#m7,appui,
ARP,12,bouton,15,2,8,10,29,Dmaj7,bleu,voy:pad:7,CHORD Dmaj7,appui,
ARP,12,bouton,16,3,1,10,30,OSC 1 ON,vert,voy:knob:on1,OSC 1,bascule (la LED suit le site),
ARP,12,bouton,17,3,2,10,31,OSC 2 ON,vert,voy:knob:on2,OSC 2,bascule (la LED suit le site),
DECK,13,potard,0,1,1,3,14,PITCH A,cyan,dj:dj-a-pitch,DECK A PITCH,"bipolaire, cran au milieu (64)",
DECK,13,potard,1,1,2,3,15,FADER A,blanc,dj:dj-ch3-fader,CHANNEL 3 (DECK A) FADER,continu,
DECK,13,potard,2,1,3,3,16,GAIN A,cyan,dj:dj-ch3-gain,CHANNEL 3 (DECK A) GAIN,"bipolaire, cran au milieu (64)",
DECK,13,potard,3,1,4,3,17,HI A,cyan,dj:dj-ch3-hi,CHANNEL 3 (DECK A) EQ HI,"bipolaire, cran au milieu (64)",
DECK,13,potard,4,1,5,3,18,MID A,cyan,dj:dj-ch3-mid,CHANNEL 3 (DECK A) EQ MID,"bipolaire, cran au milieu (64)",
DECK,13,potard,5,1,6,3,19,LOW A,cyan,dj:dj-ch3-low,CHANNEL 3 (DECK A) EQ LOW,"bipolaire, cran au milieu (64)",
DECK,13,potard,6,1,7,3,20,FILTER A,orange,dj:dj-ch3-filter,CHANNEL 3 (DECK A) FILTER,"bipolaire, cran au milieu (64)",
DECK,13,potard,7,1,8,3,21,MASTER,blanc,dj:dj-master,MASTER VOLUME,continu,
DECK,13,potard,8,2,1,3,22,PITCH B,rose,dj:dj-b-pitch,DECK B PITCH,"bipolaire, cran au milieu (64)",
DECK,13,potard,9,2,2,3,23,FADER B,blanc,dj:dj-ch4-fader,CHANNEL 4 (DECK B) FADER,continu,
DECK,13,potard,10,2,3,3,24,GAIN B,rose,dj:dj-ch4-gain,CHANNEL 4 (DECK B) GAIN,"bipolaire, cran au milieu (64)",
DECK,13,potard,11,2,4,3,25,HI B,rose,dj:dj-ch4-hi,CHANNEL 4 (DECK B) EQ HI,"bipolaire, cran au milieu (64)",
DECK,13,potard,12,2,5,3,26,MID B,rose,dj:dj-ch4-mid,CHANNEL 4 (DECK B) EQ MID,"bipolaire, cran au milieu (64)",
DECK,13,potard,13,2,6,3,27,LOW B,rose,dj:dj-ch4-low,CHANNEL 4 (DECK B) EQ LOW,"bipolaire, cran au milieu (64)",
DECK,13,potard,14,2,7,3,28,FILTER B,orange,dj:dj-ch4-filter,CHANNEL 4 (DECK B) FILTER,"bipolaire, cran au milieu (64)",
DECK,13,potard,15,2,8,3,29,MASTER,blanc,dj:dj-master,MASTER VOLUME,continu,
DECK,13,potard,16,3,1,3,30,OVERDRIVE,violet,dj:dj-fx-overdrive,EFFECT OVERDRIVE,continu,
DECK,13,potard,17,3,2,3,31,CRUSH,violet,dj:dj-fx-crush,EFFECT CRUSH,continu,
DECK,13,potard,18,3,3,3,102,CHORUS,violet,dj:dj-fx-chorus,EFFECT CHORUS,continu,
DECK,13,potard,19,3,4,3,103,FLANGER,violet,dj:dj-fx-flanger,EFFECT FLANGER,continu,
DECK,13,potard,20,3,5,3,104,TRANS,violet,dj:dj-fx-trans,EFFECT TRANS,continu,
DECK,13,potard,21,3,6,3,105,DELAY,violet,dj:dj-fx-delay,EFFECT DELAY,continu,
DECK,13,potard,22,3,7,3,106,REVERB,violet,dj:dj-fx-reverb,EFFECT REVERB,continu,
DECK,13,potard,23,3,8,3,107,FX TO,blanc,dj:dj-fxto,"EFFECTS TO: ALL CHANNELS, OR ONE CHANNEL",potard a 5 crans,ALL / RYTM / ARP / A / B
DECK,13,potard,24,4,1,3,108,SMPL LVL A,cyan,dj:smpl:a:knob:level,SMPL A LEVEL,continu,
DECK,13,potard,25,4,2,3,109,SMPL PITCH A,cyan,dj:smpl:a:knob:pitch,SMPL A PITCH,"bipolaire, cran au milieu (64)",
DECK,13,potard,26,4,3,3,110,SMPL FLT A,orange,dj:smpl:a:knob:filter,SMPL A FILTER,"bipolaire, cran au milieu (64)",
DECK,13,potard,27,4,4,3,111,SMPL POS A,cyan,dj:smpl:a:knob:position,SMPL A POSITION,continu,
DECK,13,potard,28,4,5,3,112,SMPL LVL B,rose,dj:smpl:b:knob:level,SMPL B LEVEL,continu,
DECK,13,potard,29,4,6,3,113,SMPL PITCH B,rose,dj:smpl:b:knob:pitch,SMPL B PITCH,"bipolaire, cran au milieu (64)",
DECK,13,potard,30,4,7,3,114,SMPL FLT B,orange,dj:smpl:b:knob:filter,SMPL B FILTER,"bipolaire, cran au milieu (64)",
DECK,13,potard,31,4,8,3,115,SMPL POS B,cyan,dj:smpl:b:knob:position,SMPL B POSITION,continu,
DECK,13,bouton,0,1,1,11,14,CUE A,orange,dj:dj-a-cue,DECK A CUE (HOLD TO PREVIEW),maintenu,
DECK,13,bouton,1,1,2,11,15,PLAY A,jaune,dj:dj-a-play,DECK A PLAY OR PAUSE,maintenu,
DECK,13,bouton,2,1,3,11,16,SYNC A,blanc,dj:dj-a-sync,DECK A SYNC: MATCH THE TEMPO YOU HEAR,maintenu,
DECK,13,bouton,3,1,4,11,17,SMPL A,cyan,dj:dj-a-smpl-open,"DECK A SAMPLER: SHOW IT ON THE SCREEN, OR THE TRACK",maintenu,
DECK,13,bouton,4,1,5,11,18,REC DECK A,rouge,dj:dj-a-smpl-recdeck,"DECK A SAMPLER: SAMPLE THE DECK (ITS LOOP, OR THE LAST BEATS)",maintenu,
DECK,13,bouton,5,1,6,11,19,REC MIX A,rouge,dj:dj-a-smpl-recmix,DECK A SAMPLER: SAMPLE THE MIXER OUTPUT (THE LAST BEATS),maintenu,
DECK,13,bouton,6,1,7,11,20,SMPL PLAY A,jaune,dj:dj-a-smpl-play,DECK A SAMPLER: PLAY OR STOP,maintenu,
DECK,13,bouton,7,1,8,11,21,LOOP 4 A,vert,dj:dj-a-loop4,DECK A LOOP 4 BEATS (PRESS AGAIN TO EXIT),maintenu,
DECK,13,bouton,8,2,1,11,22,CUE B,orange,dj:dj-b-cue,DECK B CUE (HOLD TO PREVIEW),maintenu,
DECK,13,bouton,9,2,2,11,23,PLAY B,jaune,dj:dj-b-play,DECK B PLAY OR PAUSE,maintenu,
DECK,13,bouton,10,2,3,11,24,SYNC B,blanc,dj:dj-b-sync,DECK B SYNC: MATCH THE TEMPO YOU HEAR,maintenu,
DECK,13,bouton,11,2,4,11,25,SMPL B,rose,dj:dj-b-smpl-open,"DECK B SAMPLER: SHOW IT ON THE SCREEN, OR THE TRACK",maintenu,
DECK,13,bouton,12,2,5,11,26,REC DECK B,rouge,dj:dj-b-smpl-recdeck,"DECK B SAMPLER: SAMPLE THE DECK (ITS LOOP, OR THE LAST BEATS)",maintenu,
DECK,13,bouton,13,2,6,11,27,REC MIX B,rouge,dj:dj-b-smpl-recmix,DECK B SAMPLER: SAMPLE THE MIXER OUTPUT (THE LAST BEATS),maintenu,
DECK,13,bouton,14,2,7,11,28,SMPL PLAY B,jaune,dj:dj-b-smpl-play,DECK B SAMPLER: PLAY OR STOP,maintenu,
DECK,13,bouton,15,2,8,11,29,LOOP 4 B,vert,dj:dj-b-loop4,DECK B LOOP 4 BEATS (PRESS AGAIN TO EXIT),maintenu,
DECK,13,bouton,16,3,1,11,30,LOOP 1 A,vert,dj:dj-a-loop1,DECK A LOOP 1 BEAT (PRESS AGAIN TO EXIT),maintenu,
DECK,13,bouton,17,3,2,11,31,LOOP 2 A,vert,dj:dj-a-loop2,DECK A LOOP 2 BEATS (PRESS AGAIN TO EXIT),maintenu,
DECK,13,bouton,18,3,3,11,102,LOOP 8 A,vert,dj:dj-a-loop8,DECK A LOOP 8 BEATS (PRESS AGAIN TO EXIT),maintenu,
DECK,13,bouton,19,3,4,11,103,BEND - A,cyan,dj:dj-a-bendm,DECK A BEND SLOWER (HOLD),maintenu,
DECK,13,bouton,20,3,5,11,104,BEND + A,cyan,dj:dj-a-bendp,DECK A BEND FASTER (HOLD),maintenu,
DECK,13,bouton,21,3,6,11,105,PITCH - A,cyan,dj:dj-a-tempom,DECK A PITCH DOWN 0.1 BPM (HOLD TO REPEAT),maintenu,
DECK,13,bouton,22,3,7,11,106,PITCH + A,cyan,dj:dj-a-tempop,DECK A PITCH UP 0.1 BPM (HOLD TO REPEAT),maintenu,
DECK,13,bouton,23,3,8,11,107,SMPL MODE A,orange,dj:smpl:a:mode,SMPL A MODE,appui,
DECK,13,bouton,24,4,1,11,108,LOOP 1 B,vert,dj:dj-b-loop1,DECK B LOOP 1 BEAT (PRESS AGAIN TO EXIT),maintenu,
DECK,13,bouton,25,4,2,11,109,LOOP 2 B,vert,dj:dj-b-loop2,DECK B LOOP 2 BEATS (PRESS AGAIN TO EXIT),maintenu,
DECK,13,bouton,26,4,3,11,110,LOOP 8 B,vert,dj:dj-b-loop8,DECK B LOOP 8 BEATS (PRESS AGAIN TO EXIT),maintenu,
DECK,13,bouton,27,4,4,11,111,BEND - B,rose,dj:dj-b-bendm,DECK B BEND SLOWER (HOLD),maintenu,
DECK,13,bouton,28,4,5,11,112,BEND + B,rose,dj:dj-b-bendp,DECK B BEND FASTER (HOLD),maintenu,
DECK,13,bouton,29,4,6,11,113,PITCH - B,rose,dj:dj-b-tempom,DECK B PITCH DOWN 0.1 BPM (HOLD TO REPEAT),maintenu,
DECK,13,bouton,30,4,7,11,114,PITCH + B,rose,dj:dj-b-tempop,DECK B PITCH UP 0.1 BPM (HOLD TO REPEAT),maintenu,
DECK,13,bouton,31,4,8,11,115,SMPL MODE B,orange,dj:smpl:b:mode,SMPL B MODE,appui,
MIXER,14,potard,0,1,1,4,14,FADER RYTM,blanc,dj:dj-ch1-fader,CHANNEL 1 (MM-RYTM) FADER,continu,
MIXER,14,potard,1,1,2,4,15,FADER ARP,blanc,dj:dj-ch2-fader,CHANNEL 2 (MM-ARP) FADER,continu,
MIXER,14,potard,2,1,3,4,16,FADER A,blanc,dj:dj-ch3-fader,CHANNEL 3 (DECK A) FADER,continu,
MIXER,14,potard,3,1,4,4,17,FADER B,blanc,dj:dj-ch4-fader,CHANNEL 4 (DECK B) FADER,continu,
MIXER,14,potard,4,1,5,4,18,FILTER RYTM,orange,dj:dj-ch1-filter,CHANNEL 1 (MM-RYTM) FILTER,"bipolaire, cran au milieu (64)",
MIXER,14,potard,5,1,6,4,19,FILTER ARP,orange,dj:dj-ch2-filter,CHANNEL 2 (MM-ARP) FILTER,"bipolaire, cran au milieu (64)",
MIXER,14,potard,6,1,7,4,20,FILTER A,orange,dj:dj-ch3-filter,CHANNEL 3 (DECK A) FILTER,"bipolaire, cran au milieu (64)",
MIXER,14,potard,7,1,8,4,21,FILTER B,orange,dj:dj-ch4-filter,CHANNEL 4 (DECK B) FILTER,"bipolaire, cran au milieu (64)",
MIXER,14,potard,8,2,1,4,22,HI RYTM,jaune,dj:dj-ch1-hi,CHANNEL 1 (MM-RYTM) EQ HI,"bipolaire, cran au milieu (64)",
MIXER,14,potard,9,2,2,4,23,MID RYTM,jaune,dj:dj-ch1-mid,CHANNEL 1 (MM-RYTM) EQ MID,"bipolaire, cran au milieu (64)",
MIXER,14,potard,10,2,3,4,24,LOW RYTM,jaune,dj:dj-ch1-low,CHANNEL 1 (MM-RYTM) EQ LOW,"bipolaire, cran au milieu (64)",
MIXER,14,potard,11,2,4,4,25,HI ARP,or,dj:dj-ch2-hi,CHANNEL 2 (MM-ARP) EQ HI,"bipolaire, cran au milieu (64)",
MIXER,14,potard,12,2,5,4,26,MID ARP,or,dj:dj-ch2-mid,CHANNEL 2 (MM-ARP) EQ MID,"bipolaire, cran au milieu (64)",
MIXER,14,potard,13,2,6,4,27,LOW ARP,or,dj:dj-ch2-low,CHANNEL 2 (MM-ARP) EQ LOW,"bipolaire, cran au milieu (64)",
MIXER,14,potard,14,2,7,4,28,GAIN RYTM,jaune,dj:dj-ch1-gain,CHANNEL 1 (MM-RYTM) GAIN,"bipolaire, cran au milieu (64)",
MIXER,14,potard,15,2,8,4,29,GAIN ARP,or,dj:dj-ch2-gain,CHANNEL 2 (MM-ARP) GAIN,"bipolaire, cran au milieu (64)",
MIXER,14,potard,16,3,1,4,30,HI A,cyan,dj:dj-ch3-hi,CHANNEL 3 (DECK A) EQ HI,"bipolaire, cran au milieu (64)",
MIXER,14,potard,17,3,2,4,31,MID A,cyan,dj:dj-ch3-mid,CHANNEL 3 (DECK A) EQ MID,"bipolaire, cran au milieu (64)",
MIXER,14,potard,18,3,3,4,102,LOW A,cyan,dj:dj-ch3-low,CHANNEL 3 (DECK A) EQ LOW,"bipolaire, cran au milieu (64)",
MIXER,14,potard,19,3,4,4,103,HI B,rose,dj:dj-ch4-hi,CHANNEL 4 (DECK B) EQ HI,"bipolaire, cran au milieu (64)",
MIXER,14,potard,20,3,5,4,104,MID B,rose,dj:dj-ch4-mid,CHANNEL 4 (DECK B) EQ MID,"bipolaire, cran au milieu (64)",
MIXER,14,potard,21,3,6,4,105,LOW B,rose,dj:dj-ch4-low,CHANNEL 4 (DECK B) EQ LOW,"bipolaire, cran au milieu (64)",
MIXER,14,potard,22,3,7,4,106,GAIN A,cyan,dj:dj-ch3-gain,CHANNEL 3 (DECK A) GAIN,"bipolaire, cran au milieu (64)",
MIXER,14,potard,23,3,8,4,107,GAIN B,rose,dj:dj-ch4-gain,CHANNEL 4 (DECK B) GAIN,"bipolaire, cran au milieu (64)",
MIXER,14,potard,24,4,1,4,108,OVERDRIVE,violet,dj:dj-fx-overdrive,EFFECT OVERDRIVE,continu,
MIXER,14,potard,25,4,2,4,109,CRUSH,violet,dj:dj-fx-crush,EFFECT CRUSH,continu,
MIXER,14,potard,26,4,3,4,110,CHORUS,violet,dj:dj-fx-chorus,EFFECT CHORUS,continu,
MIXER,14,potard,27,4,4,4,111,FLANGER,violet,dj:dj-fx-flanger,EFFECT FLANGER,continu,
MIXER,14,potard,28,4,5,4,112,TRANS,violet,dj:dj-fx-trans,EFFECT TRANS,continu,
MIXER,14,potard,29,4,6,4,113,DELAY,violet,dj:dj-fx-delay,EFFECT DELAY,continu,
MIXER,14,potard,30,4,7,4,114,REVERB,violet,dj:dj-fx-reverb,EFFECT REVERB,continu,
MIXER,14,potard,31,4,8,4,115,FX TO,blanc,dj:dj-fxto,"EFFECTS TO: ALL CHANNELS, OR ONE CHANNEL",potard a 5 crans,ALL / RYTM / ARP / A / B
MIXER,14,bouton,0,1,1,12,14,RUN RYTM,rouge,rytm:running,RUN (ON / OFF),bascule (la LED suit le site),
MIXER,14,bouton,1,1,2,12,15,RUN ARP,rouge,voy:running,RUN (ON / OFF),bascule (la LED suit le site),
MIXER,14,bouton,2,1,3,12,16,PLAY A,jaune,dj:dj-a-play,DECK A PLAY OR PAUSE,maintenu,
MIXER,14,bouton,3,1,4,12,17,PLAY B,jaune,dj:dj-b-play,DECK B PLAY OR PAUSE,maintenu,
MIXER,14,bouton,4,1,5,12,18,CUE A,orange,dj:dj-a-cue,DECK A CUE (HOLD TO PREVIEW),maintenu,
MIXER,14,bouton,5,1,6,12,19,CUE B,orange,dj:dj-b-cue,DECK B CUE (HOLD TO PREVIEW),maintenu,
MIXER,14,bouton,6,1,7,12,20,RYTM + ARP,rouge,nav:machines,PLAY/STOP RYTM + ARP,appui,
MIXER,14,bouton,7,1,8,12,21,REC MIX A,rouge,dj:dj-a-smpl-recmix,DECK A SAMPLER: SAMPLE THE MIXER OUTPUT (THE LAST BEATS),maintenu,
MIXER,14,bouton,8,2,1,12,22,MUTE BD,rose,rytm:voice:BD:mute,MUTE BD,bascule (la LED suit le site),
MIXER,14,bouton,9,2,2,12,23,MUTE SD,rose,rytm:voice:SD:mute,MUTE SD,bascule (la LED suit le site),
MIXER,14,bouton,10,2,3,12,24,MUTE CH,rose,rytm:voice:CH:mute,MUTE CH,bascule (la LED suit le site),
MIXER,14,bouton,11,2,4,12,25,MUTE OH,rose,rytm:voice:OH:mute,MUTE OH,bascule (la LED suit le site),
MIXER,14,bouton,12,2,5,12,26,MUTE CP,rose,rytm:voice:CP:mute,MUTE CP,bascule (la LED suit le site),
MIXER,14,bouton,13,2,6,12,27,MUTE TOM,rose,rytm:voice:TOM:mute,MUTE TOM,bascule (la LED suit le site),
MIXER,14,bouton,14,2,7,12,28,MUTE HT,rose,rytm:voice:HT:mute,MUTE HT,bascule (la LED suit le site),
MIXER,14,bouton,15,2,8,12,29,MUTE CY,rose,rytm:voice:CY:mute,MUTE CY,bascule (la LED suit le site),
MIXER,14,bouton,16,3,1,12,30,SYNC A,blanc,dj:dj-a-sync,DECK A SYNC: MATCH THE TEMPO YOU HEAR,maintenu,
MIXER,14,bouton,17,3,2,12,31,SYNC B,blanc,dj:dj-b-sync,DECK B SYNC: MATCH THE TEMPO YOU HEAR,maintenu,
MIXER,14,bouton,18,3,3,12,102,LOOP 4 A,vert,dj:dj-a-loop4,DECK A LOOP 4 BEATS (PRESS AGAIN TO EXIT),maintenu,
MIXER,14,bouton,19,3,4,12,103,LOOP 4 B,vert,dj:dj-b-loop4,DECK B LOOP 4 BEATS (PRESS AGAIN TO EXIT),maintenu,
MIXER,14,bouton,20,3,5,12,104,ADD DECK,blanc,dj:dj-adddeck,"ADD A DECK, WITH ITS CHANNEL ON THE MIXER",maintenu,
MIXER,14,bouton,21,3,6,12,105,PREV MACHINE,blanc,nav:prev,PREVIOUS MACHINE,appui,
MIXER,14,bouton,22,3,7,12,106,NEXT MACHINE,blanc,nav:next,NEXT MACHINE,appui,
MIXER,14,bouton,23,3,8,12,107,MM-STUDIO,blanc,nav:all,MM-STUDIO (ALL THE MACHINES),appui,
MIXER,14,bouton,24,4,1,12,108,FX TIME 1/4,violet,dj:dj-time1,EFFECTS TIME 1/4 BEATS,maintenu,
MIXER,14,bouton,25,4,2,12,109,FX TIME 1/2,violet,dj:dj-time2,EFFECTS TIME 1/2 BEATS,maintenu,
MIXER,14,bouton,26,4,3,12,110,FX TIME 3/4,violet,dj:dj-time3,EFFECTS TIME 3/4 BEATS,maintenu,
MIXER,14,bouton,27,4,4,12,111,FX TIME 1,violet,dj:dj-time4,EFFECTS TIME 1 BEAT,maintenu,
MIXER,14,bouton,28,4,5,12,112,FX TIME 2,violet,dj:dj-time5,EFFECTS TIME 2 BEATS,maintenu,
MIXER,14,bouton,29,4,6,12,113,FX TIME 4,violet,dj:dj-time6,EFFECTS TIME 4 BEATS,maintenu,
LIVE,16,potard,0,1,1,6,14,FADER RYTM,blanc,dj:dj-ch1-fader,CHANNEL 1 (MM-RYTM) FADER,continu,
LIVE,16,potard,1,1,2,6,15,FADER ARP,blanc,dj:dj-ch2-fader,CHANNEL 2 (MM-ARP) FADER,continu,
LIVE,16,potard,2,1,3,6,16,FADER A,blanc,dj:dj-ch3-fader,CHANNEL 3 (DECK A) FADER,continu,
LIVE,16,potard,3,1,4,6,17,FADER B,blanc,dj:dj-ch4-fader,CHANNEL 4 (DECK B) FADER,continu,
LIVE,16,potard,4,1,5,6,18,FILTER RYTM,orange,dj:dj-ch1-filter,CHANNEL 1 (MM-RYTM) FILTER,"bipolaire, cran au milieu (64)",
LIVE,16,potard,5,1,6,6,19,FILTER ARP,orange,dj:dj-ch2-filter,CHANNEL 2 (MM-ARP) FILTER,"bipolaire, cran au milieu (64)",
LIVE,16,potard,6,1,7,6,20,FILTER A,orange,dj:dj-ch3-filter,CHANNEL 3 (DECK A) FILTER,"bipolaire, cran au milieu (64)",
LIVE,16,potard,7,1,8,6,21,FILTER B,orange,dj:dj-ch4-filter,CHANNEL 4 (DECK B) FILTER,"bipolaire, cran au milieu (64)",
LIVE,16,potard,8,2,1,6,22,SWING,orange,rytm:enc:swing,SWING,continu,
LIVE,16,potard,9,2,2,6,23,STRETCH,orange,rytm:enc:stretch,STRETCH,"bipolaire, cran au milieu (64)",
LIVE,16,potard,10,2,3,6,24,RYTM DIST,violet,rytm:enc:dist,DIST,continu,
LIVE,16,potard,11,2,4,6,25,RYTM DELAY,violet,rytm:enc:delay,DELAY,continu,
LIVE,16,potard,12,2,5,6,26,RYTM REVERB,violet,rytm:enc:reverb,REVERB,continu,
LIVE,16,potard,13,2,6,6,27,KICK TUNE,or,rytm:kit:tune,TWEAK TUNE,"bipolaire, cran au milieu (64)",
LIVE,16,potard,14,2,7,6,28,KICK DECAY,or,rytm:kit:decay,TWEAK DECAY,continu,
LIVE,16,potard,15,2,8,6,29,KICK DRIVE,or,rytm:kit:drive,TWEAK DRIVE,continu,
LIVE,16,potard,16,3,1,6,30,CUTOFF,jaune,voy:knob:cutoff,CUTOFF,continu,
LIVE,16,potard,17,3,2,6,31,RESONANCE,jaune,voy:knob:res,RES,continu,
LIVE,16,potard,18,3,3,6,102,ENV AMOUNT,jaune,voy:knob:envAmt,ENV AMT,continu,
LIVE,16,potard,19,3,4,6,103,FLT DECAY,vert,voy:knob:fD,DECAY,continu,
LIVE,16,potard,20,3,5,6,104,ARP GATE,orange,voy:knob:gate,GATE,continu,
LIVE,16,potard,21,3,6,6,105,ARP RATE,orange,voy:knob:rate,RATE,potard a 4 crans,1/4 / 1/8 / 1/16 / 1/32
LIVE,16,potard,22,3,7,6,106,ARP DELAY,violet,voy:knob:delay,DELAY,continu,
LIVE,16,potard,23,3,8,6,107,ARP REVERB,violet,voy:knob:reverb,REVERB,continu,
LIVE,16,potard,24,4,1,6,108,OVERDRIVE,violet,dj:dj-fx-overdrive,EFFECT OVERDRIVE,continu,
LIVE,16,potard,25,4,2,6,109,CRUSH,violet,dj:dj-fx-crush,EFFECT CRUSH,continu,
LIVE,16,potard,26,4,3,6,110,CHORUS,violet,dj:dj-fx-chorus,EFFECT CHORUS,continu,
LIVE,16,potard,27,4,4,6,111,FLANGER,violet,dj:dj-fx-flanger,EFFECT FLANGER,continu,
LIVE,16,potard,28,4,5,6,112,TRANS,violet,dj:dj-fx-trans,EFFECT TRANS,continu,
LIVE,16,potard,29,4,6,6,113,DELAY,violet,dj:dj-fx-delay,EFFECT DELAY,continu,
LIVE,16,potard,30,4,7,6,114,REVERB,violet,dj:dj-fx-reverb,EFFECT REVERB,continu,
LIVE,16,potard,31,4,8,6,115,FX TO,blanc,dj:dj-fxto,"EFFECTS TO: ALL CHANNELS, OR ONE CHANNEL",potard a 5 crans,ALL / RYTM / ARP / A / B
LIVE,16,bouton,0,1,1,14,14,RUN RYTM,rouge,rytm:running,RUN (ON / OFF),bascule (la LED suit le site),
LIVE,16,bouton,1,1,2,14,15,RUN ARP,rouge,voy:running,RUN (ON / OFF),bascule (la LED suit le site),
LIVE,16,bouton,2,1,3,14,16,PLAY A,jaune,dj:dj-a-play,DECK A PLAY OR PAUSE,maintenu,
LIVE,16,bouton,3,1,4,14,17,PLAY B,jaune,dj:dj-b-play,DECK B PLAY OR PAUSE,maintenu,
LIVE,16,bouton,4,1,5,14,18,CUE A,orange,dj:dj-a-cue,DECK A CUE (HOLD TO PREVIEW),maintenu,
LIVE,16,bouton,5,1,6,14,19,CUE B,orange,dj:dj-b-cue,DECK B CUE (HOLD TO PREVIEW),maintenu,
LIVE,16,bouton,6,1,7,14,20,RYTM + ARP,rouge,nav:machines,PLAY/STOP RYTM + ARP,appui,
LIVE,16,bouton,7,1,8,14,21,REC MIX A,rouge,dj:dj-a-smpl-recmix,DECK A SAMPLER: SAMPLE THE MIXER OUTPUT (THE LAST BEATS),maintenu,
LIVE,16,bouton,8,2,1,14,22,MUTE BD,rose,rytm:voice:BD:mute,MUTE BD,bascule (la LED suit le site),
LIVE,16,bouton,9,2,2,14,23,MUTE SD,rose,rytm:voice:SD:mute,MUTE SD,bascule (la LED suit le site),
LIVE,16,bouton,10,2,3,14,24,MUTE CH,rose,rytm:voice:CH:mute,MUTE CH,bascule (la LED suit le site),
LIVE,16,bouton,11,2,4,14,25,MUTE OH,rose,rytm:voice:OH:mute,MUTE OH,bascule (la LED suit le site),
LIVE,16,bouton,12,2,5,14,26,MUTE CP,rose,rytm:voice:CP:mute,MUTE CP,bascule (la LED suit le site),
LIVE,16,bouton,13,2,6,14,27,MUTE TOM,rose,rytm:voice:TOM:mute,MUTE TOM,bascule (la LED suit le site),
LIVE,16,bouton,14,2,7,14,28,MUTE HT,rose,rytm:voice:HT:mute,MUTE HT,bascule (la LED suit le site),
LIVE,16,bouton,15,2,8,14,29,MUTE CY,rose,rytm:voice:CY:mute,MUTE CY,bascule (la LED suit le site),
LIVE,16,bouton,16,3,1,14,30,F#m,bleu,voy:pad:0,CHORD F#m,appui,
LIVE,16,bouton,17,3,2,14,31,D,bleu,voy:pad:1,CHORD D,appui,
LIVE,16,bouton,18,3,3,14,102,E,bleu,voy:pad:2,CHORD E,appui,
LIVE,16,bouton,19,3,4,14,103,C#m,bleu,voy:pad:3,CHORD C#m,appui,
LIVE,16,bouton,20,3,5,14,104,Bm,bleu,voy:pad:4,CHORD Bm,appui,
LIVE,16,bouton,21,3,6,14,105,A,bleu,voy:pad:5,CHORD A,appui,
LIVE,16,bouton,22,3,7,14,106,F#m7,bleu,voy:pad:6,CHORD F#m7,appui,
LIVE,16,bouton,23,3,8,14,107,Dmaj7,bleu,voy:pad:7,CHORD Dmaj7,appui,
LIVE,16,bouton,24,4,1,14,108,FX TIME 1/4,violet,dj:dj-time1,EFFECTS TIME 1/4 BEATS,maintenu,
LIVE,16,bouton,25,4,2,14,109,FX TIME 1/2,violet,dj:dj-time2,EFFECTS TIME 1/2 BEATS,maintenu,
LIVE,16,bouton,26,4,3,14,110,FX TIME 1,violet,dj:dj-time4,EFFECTS TIME 1 BEAT,maintenu,
LIVE,16,bouton,27,4,4,14,111,FX TIME 2,violet,dj:dj-time5,EFFECTS TIME 2 BEATS,maintenu,
LIVE,16,bouton,28,4,5,14,112,SMPL PLAY A,jaune,dj:dj-a-smpl-play,DECK A SAMPLER: PLAY OR STOP,maintenu,
LIVE,16,bouton,29,4,6,14,113,SMPL PLAY B,jaune,dj:dj-b-smpl-play,DECK B SAMPLER: PLAY OR STOP,maintenu,
LIVE,16,bouton,30,4,7,14,114,PREV MACHINE,blanc,nav:prev,PREVIOUS MACHINE,appui,
LIVE,16,bouton,31,4,8,14,115,NEXT MACHINE,blanc,nav:next,NEXT MACHINE,appui,
