id,scope,machine,nom,type,crans,dans_les_setups
rytm:enc:level,mm808,MM-RYTM,MASTER,value,,RYTM
rytm:enc:tempo,mm808,MM-RYTM,TEMPO,value,,RYTM
rytm:enc:swing,mm808,MM-RYTM,SWING,value,,RYTM BASS LIVE
rytm:enc:stretch,mm808,MM-RYTM,STRETCH,value,,RYTM LIVE
rytm:enc:dist,mm808,MM-RYTM,DIST,value,,RYTM LIVE
rytm:enc:chorus,mm808,MM-RYTM,CHORUS,value,,RYTM
rytm:enc:delay,mm808,MM-RYTM,DELAY,value,,RYTM LIVE
rytm:enc:reverb,mm808,MM-RYTM,REVERB,value,,RYTM LIVE
rytm:enc:vol,mm808,MM-RYTM,VOLUME (SELECTED VOICE),value,,RYTM
rytm:enc:vsound,mm808,MM-RYTM,SAMPLE (SELECTED VOICE),value,9,RYTM
rytm:enc:tone,mm808,MM-RYTM,TONE (SELECTED VOICE),value,,RYTM
rytm:enc:vdecay,mm808,MM-RYTM,DECAY (SELECTED VOICE),value,,RYTM
rytm:enc:vdist,mm808,MM-RYTM,DIST (SELECTED VOICE),value,,RYTM
rytm:enc:vchorus,mm808,MM-RYTM,CHORUS (SELECTED VOICE),value,,RYTM
rytm:enc:vdelay,mm808,MM-RYTM,DELAY (SELECTED VOICE),value,,RYTM
rytm:enc:vreverb,mm808,MM-RYTM,REVERB (SELECTED VOICE),value,,RYTM
rytm:voice:BD:tone,mm808,MM-RYTM,BD TONE,value,,
rytm:voice:BD:decay,mm808,MM-RYTM,BD DECAY,value,,
rytm:voice:BD:level,mm808,MM-RYTM,BD VOLUME,value,,RYTM
rytm:voice:BD:dist,mm808,MM-RYTM,BD DIST,value,,
rytm:voice:BD:reverb,mm808,MM-RYTM,BD REVERB,value,,
rytm:voice:BD:delay,mm808,MM-RYTM,BD DELAY,value,,
rytm:voice:BD:chorus,mm808,MM-RYTM,BD CHORUS,value,,
rytm:voice:SD:tone,mm808,MM-RYTM,SD TONE,value,,
rytm:voice:SD:decay,mm808,MM-RYTM,SD DECAY,value,,
rytm:voice:SD:level,mm808,MM-RYTM,SD VOLUME,value,,RYTM
rytm:voice:SD:dist,mm808,MM-RYTM,SD DIST,value,,
rytm:voice:SD:reverb,mm808,MM-RYTM,SD REVERB,value,,
rytm:voice:SD:delay,mm808,MM-RYTM,SD DELAY,value,,
rytm:voice:SD:chorus,mm808,MM-RYTM,SD CHORUS,value,,
rytm:voice:CH:tone,mm808,MM-RYTM,CH TONE,value,,
rytm:voice:CH:decay,mm808,MM-RYTM,CH DECAY,value,,
rytm:voice:CH:level,mm808,MM-RYTM,CH VOLUME,value,,RYTM
rytm:voice:CH:dist,mm808,MM-RYTM,CH DIST,value,,
rytm:voice:CH:reverb,mm808,MM-RYTM,CH REVERB,value,,
rytm:voice:CH:delay,mm808,MM-RYTM,CH DELAY,value,,
rytm:voice:CH:chorus,mm808,MM-RYTM,CH CHORUS,value,,
rytm:voice:OH:tone,mm808,MM-RYTM,OH TONE,value,,
rytm:voice:OH:decay,mm808,MM-RYTM,OH DECAY,value,,
rytm:voice:OH:level,mm808,MM-RYTM,OH VOLUME,value,,RYTM
rytm:voice:OH:dist,mm808,MM-RYTM,OH DIST,value,,
rytm:voice:OH:reverb,mm808,MM-RYTM,OH REVERB,value,,
rytm:voice:OH:delay,mm808,MM-RYTM,OH DELAY,value,,
rytm:voice:OH:chorus,mm808,MM-RYTM,OH CHORUS,value,,
rytm:voice:CP:tone,mm808,MM-RYTM,CP TONE,value,,
rytm:voice:CP:decay,mm808,MM-RYTM,CP DECAY,value,,
rytm:voice:CP:level,mm808,MM-RYTM,CP VOLUME,value,,RYTM
rytm:voice:CP:dist,mm808,MM-RYTM,CP DIST,value,,
rytm:voice:CP:reverb,mm808,MM-RYTM,CP REVERB,value,,
rytm:voice:CP:delay,mm808,MM-RYTM,CP DELAY,value,,
rytm:voice:CP:chorus,mm808,MM-RYTM,CP CHORUS,value,,
rytm:voice:TOM:tone,mm808,MM-RYTM,TOM TONE,value,,
rytm:voice:TOM:decay,mm808,MM-RYTM,TOM DECAY,value,,
rytm:voice:TOM:level,mm808,MM-RYTM,TOM VOLUME,value,,RYTM
rytm:voice:TOM:dist,mm808,MM-RYTM,TOM DIST,value,,
rytm:voice:TOM:reverb,mm808,MM-RYTM,TOM REVERB,value,,
rytm:voice:TOM:delay,mm808,MM-RYTM,TOM DELAY,value,,
rytm:voice:TOM:chorus,mm808,MM-RYTM,TOM CHORUS,value,,
rytm:voice:HT:tone,mm808,MM-RYTM,HT TONE,value,,
rytm:voice:HT:decay,mm808,MM-RYTM,HT DECAY,value,,
rytm:voice:HT:level,mm808,MM-RYTM,HT VOLUME,value,,RYTM
rytm:voice:HT:dist,mm808,MM-RYTM,HT DIST,value,,
rytm:voice:HT:reverb,mm808,MM-RYTM,HT REVERB,value,,
rytm:voice:HT:delay,mm808,MM-RYTM,HT DELAY,value,,
rytm:voice:HT:chorus,mm808,MM-RYTM,HT CHORUS,value,,
rytm:voice:CY:tone,mm808,MM-RYTM,CY TONE,value,,
rytm:voice:CY:decay,mm808,MM-RYTM,CY DECAY,value,,
rytm:voice:CY:level,mm808,MM-RYTM,CY VOLUME,value,,RYTM
rytm:voice:CY:dist,mm808,MM-RYTM,CY DIST,value,,
rytm:voice:CY:reverb,mm808,MM-RYTM,CY REVERB,value,,
rytm:voice:CY:delay,mm808,MM-RYTM,CY DELAY,value,,
rytm:voice:CY:chorus,mm808,MM-RYTM,CY CHORUS,value,,
rytm:voice:BD:mute,mm808,MM-RYTM,MUTE BD,value,2,RYTM MIXER LIVE
rytm:voice:SD:mute,mm808,MM-RYTM,MUTE SD,value,2,RYTM MIXER LIVE
rytm:voice:CH:mute,mm808,MM-RYTM,MUTE CH,value,2,RYTM MIXER LIVE
rytm:voice:OH:mute,mm808,MM-RYTM,MUTE OH,value,2,RYTM MIXER LIVE
rytm:voice:CP:mute,mm808,MM-RYTM,MUTE CP,value,2,RYTM MIXER LIVE
rytm:voice:TOM:mute,mm808,MM-RYTM,MUTE TOM,value,2,RYTM MIXER LIVE
rytm:voice:HT:mute,mm808,MM-RYTM,MUTE HT,value,2,RYTM MIXER LIVE
rytm:voice:CY:mute,mm808,MM-RYTM,MUTE CY,value,2,RYTM MIXER LIVE
rytm:running,mm808,MM-RYTM,RUN (ON / OFF),value,2,RYTM BASS MIXER LIVE
rytm:kit:bd,mm808,MM-RYTM,TWEAK KICK,value,9,RYTM
rytm:kit:tune,mm808,MM-RYTM,TWEAK TUNE,value,,RYTM LIVE
rytm:kit:attack,mm808,MM-RYTM,TWEAK ATTACK,value,,RYTM
rytm:kit:decay,mm808,MM-RYTM,TWEAK DECAY,value,,RYTM LIVE
rytm:kit:drive,mm808,MM-RYTM,TWEAK DRIVE,value,,RYTM LIVE
rytm:kit:sd,mm808,MM-RYTM,TWEAK SNARE,value,7,RYTM
rytm:kit:snappy,mm808,MM-RYTM,TWEAK SNAPPY,value,,RYTM
rytm:kit:cp,mm808,MM-RYTM,TWEAK CLAP,value,3,
rytm:kit:gate,mm808,MM-RYTM,TWEAK GATE,value,2,
rytm:kit:hh,mm808,MM-RYTM,TWEAK HATS,value,3,RYTM
rytm:kit:tom,mm808,MM-RYTM,TWEAK TOMS,value,3,
rytm:pad:BD,mm808,MM-RYTM,PAD BD,press,,RYTM
rytm:pad:SD,mm808,MM-RYTM,PAD SD,press,,RYTM
rytm:pad:CH,mm808,MM-RYTM,PAD CH,press,,RYTM
rytm:pad:OH,mm808,MM-RYTM,PAD OH,press,,RYTM
rytm:pad:CP,mm808,MM-RYTM,PAD CP,press,,RYTM
rytm:pad:TOM,mm808,MM-RYTM,PAD TOM,press,,RYTM
rytm:pad:HT,mm808,MM-RYTM,PAD HT,press,,RYTM
rytm:pad:CY,mm808,MM-RYTM,PAD CY,press,,RYTM
rytm:step:0,mm808,MM-RYTM,STEP 1,press,,
rytm:step:1,mm808,MM-RYTM,STEP 2,press,,
rytm:step:2,mm808,MM-RYTM,STEP 3,press,,
rytm:step:3,mm808,MM-RYTM,STEP 4,press,,
rytm:step:4,mm808,MM-RYTM,STEP 5,press,,
rytm:step:5,mm808,MM-RYTM,STEP 6,press,,
rytm:step:6,mm808,MM-RYTM,STEP 7,press,,
rytm:step:7,mm808,MM-RYTM,STEP 8,press,,
rytm:step:8,mm808,MM-RYTM,STEP 9,press,,
rytm:step:9,mm808,MM-RYTM,STEP 10,press,,
rytm:step:10,mm808,MM-RYTM,STEP 11,press,,
rytm:step:11,mm808,MM-RYTM,STEP 12,press,,
rytm:step:12,mm808,MM-RYTM,STEP 13,press,,
rytm:step:13,mm808,MM-RYTM,STEP 14,press,,
rytm:step:14,mm808,MM-RYTM,STEP 15,press,,
rytm:step:15,mm808,MM-RYTM,STEP 16,press,,
rytm:run,mm808,MM-RYTM,RUN/STOP,press,,
rytm:clear,mm808,MM-RYTM,CLEAR,press,,RYTM
rytm:random,mm808,MM-RYTM,RANDOM,press,,RYTM
rytm:mute,mm808,MM-RYTM,MUTE,press,,
rytm:solo,mm808,MM-RYTM,SOLO,press,,
rytm:edit,mm808,MM-RYTM,EDIT,press,,RYTM
rytm:open,mm808,MM-RYTM,OPEN,press,,RYTM
rytm:ptn:0,mm808,MM-RYTM,PATTERN A01,press,,RYTM
rytm:ptn:1,mm808,MM-RYTM,PATTERN A02,press,,RYTM
rytm:ptn:2,mm808,MM-RYTM,PATTERN A03,press,,RYTM
rytm:ptn:3,mm808,MM-RYTM,PATTERN A04,press,,RYTM
rytm:ptn:4,mm808,MM-RYTM,PATTERN A05,press,,RYTM
rytm:ptn:5,mm808,MM-RYTM,PATTERN A06,press,,RYTM
rytm:ptn:6,mm808,MM-RYTM,PATTERN A07,press,,RYTM
rytm:ptn:7,mm808,MM-RYTM,PATTERN A08,press,,RYTM
rytm:ptn:8,mm808,MM-RYTM,PATTERN A09,press,,
rytm:ptn:9,mm808,MM-RYTM,PATTERN A10,press,,
rytm:ptn:10,mm808,MM-RYTM,PATTERN A11,press,,
rytm:ptn:11,mm808,MM-RYTM,PATTERN A12,press,,
rytm:ptn:12,mm808,MM-RYTM,PATTERN A13,press,,
rytm:ptn:13,mm808,MM-RYTM,PATTERN A14,press,,
rytm:ptn:14,mm808,MM-RYTM,PATTERN A15,press,,
rytm:ptn:15,mm808,MM-RYTM,PATTERN A16,press,,
voy:knob:rate,voy,MM-ARP,RATE,value,4,ARP LIVE
voy:knob:mode,voy,MM-ARP,MODE,value,4,ARP
voy:knob:range,voy,MM-ARP,RANGE,value,3,ARP
voy:knob:notes,voy,MM-ARP,NOTES,value,9,ARP
voy:knob:gate,voy,MM-ARP,GATE,value,,ARP LIVE
voy:knob:wave1,voy,MM-ARP,WAVE 1,value,,
voy:knob:range1,voy,MM-ARP,RANGE 1,value,6,
voy:knob:semi1,voy,MM-ARP,SEMI 1,value,15,
voy:knob:fine1,voy,MM-ARP,FINE 1,value,,
voy:knob:on1,voy,MM-ARP,OSC 1,value,2,ARP
voy:knob:wave2,voy,MM-ARP,WAVE 2,value,,
voy:knob:range2,voy,MM-ARP,RANGE 2,value,6,
voy:knob:semi2,voy,MM-ARP,SEMI 2,value,15,
voy:knob:fine2,voy,MM-ARP,FINE 2,value,,
voy:knob:on2,voy,MM-ARP,OSC 2,value,2,ARP
voy:knob:osc1,voy,MM-ARP,OSC 1,value,,ARP
voy:knob:osc2,voy,MM-ARP,OSC 2,value,,ARP
voy:knob:fm,voy,MM-ARP,FM,value,,ARP
voy:knob:ratio,voy,MM-ARP,RATIO,value,9,
voy:knob:octave,voy,MM-ARP,OCTAVE,value,5,ARP
voy:knob:glide,voy,MM-ARP,GLIDE,value,,ARP
voy:knob:cutoff,voy,MM-ARP,CUTOFF,value,,ARP LIVE
voy:knob:res,voy,MM-ARP,RES,value,,ARP LIVE
voy:knob:envAmt,voy,MM-ARP,ENV AMT,value,,ARP LIVE
voy:knob:noise,voy,MM-ARP,NOISE,value,,ARP
voy:knob:fmode,voy,MM-ARP,MODE,value,4,ARP
voy:knob:fA,voy,MM-ARP,ATTACK,value,,ARP
voy:knob:fD,voy,MM-ARP,DECAY,value,,ARP LIVE
voy:knob:fS,voy,MM-ARP,SUSTAIN,value,,ARP
voy:knob:fR,voy,MM-ARP,RELEASE,value,,ARP
voy:knob:aA,voy,MM-ARP,ATTACK,value,,ARP
voy:knob:aD,voy,MM-ARP,DECAY,value,,ARP
voy:knob:aS,voy,MM-ARP,SUSTAIN,value,,ARP
voy:knob:aR,voy,MM-ARP,RELEASE,value,,ARP
voy:knob:lfoRate,voy,MM-ARP,SPEED,value,7,ARP
voy:knob:lfoShape,voy,MM-ARP,SHAPE,value,4,ARP
voy:knob:lfoDest,voy,MM-ARP,TARGET,value,5,ARP
voy:knob:lfoAmt,voy,MM-ARP,DEPTH,value,,ARP
voy:knob:dist,voy,MM-ARP,OVERDRIVE,value,,ARP
voy:knob:chorus,voy,MM-ARP,CHORUS,value,,ARP
voy:knob:delay,voy,MM-ARP,DELAY,value,,ARP LIVE
voy:knob:reverb,voy,MM-ARP,REVERB,value,,ARP LIVE
voy:knob:volume,voy,MM-ARP,VOLUME,value,,ARP
voy:knob:phase,voy,MM-ARP,TWEAK PHASE,value,,
voy:knob:drift,voy,MM-ARP,TWEAK DRIFT,value,,
voy:knob:width,voy,MM-ARP,TWEAK WIDTH,value,,
voy:knob:monoLow,voy,MM-ARP,TWEAK BASS MONO,value,,
voy:knob:keyTrack,voy,MM-ARP,TWEAK KEY TRACK,value,,
voy:knob:accent,voy,MM-ARP,TWEAK ACCENT,value,,
voy:knob:sync,voy,MM-ARP,TWEAK SYNC,value,2,
voy:knob:duck,voy,MM-ARP,TWEAK SIDECHAIN,value,,
voy:knob:chord,voy,MM-ARP,TWEAK CHORD,value,5,
voy:pad:0,voy,MM-ARP,CHORD F#m,press,,ARP LIVE
voy:pad:1,voy,MM-ARP,CHORD D,press,,ARP LIVE
voy:pad:2,voy,MM-ARP,CHORD E,press,,ARP LIVE
voy:pad:3,voy,MM-ARP,CHORD C#m,press,,ARP LIVE
voy:pad:4,voy,MM-ARP,CHORD Bm,press,,ARP LIVE
voy:pad:5,voy,MM-ARP,CHORD A,press,,ARP LIVE
voy:pad:6,voy,MM-ARP,CHORD F#m7,press,,ARP LIVE
voy:pad:7,voy,MM-ARP,CHORD Dmaj7,press,,ARP LIVE
voy:run,voy,MM-ARP,RUN/STOP,press,,
voy:running,voy,MM-ARP,RUN (ON / OFF),value,2,ARP BASS MIXER LIVE
voy:clear,voy,MM-ARP,CLEAR,press,,ARP
voy:random,voy,MM-ARP,RANDOM,press,,ARP
voy:edit,voy,MM-ARP,EDIT,press,,ARP
voy:open,voy,MM-ARP,OPEN,press,,ARP
bass:knob:cutoff,bass,MM-BASS,CUTOFF,value,,BASS
bass:knob:reso,bass,MM-BASS,RESO,value,,BASS
bass:knob:envmod,bass,MM-BASS,ENV MOD,value,,BASS
bass:knob:decay,bass,MM-BASS,DECAY,value,,BASS
bass:knob:accent,bass,MM-BASS,ACCENT,value,,BASS
bass:knob:wave,bass,MM-BASS,WAVE,value,,BASS
bass:knob:sub,bass,MM-BASS,SUB,value,,BASS
bass:knob:drive,bass,MM-BASS,DRIVE,value,,BASS
bass:knob:glide,bass,MM-BASS,GLIDE,value,,BASS
bass:knob:volume,bass,MM-BASS,VOLUME,value,,BASS
bass:knob:octave,bass,MM-BASS,OCTAVE,value,4,BASS
bass:knob:style,bass,MM-BASS,STYLE,value,4,BASS
bass:knob:density,bass,MM-BASS,DENSITY,value,,BASS
bass:knob:slides,bass,MM-BASS,SLIDES,value,,BASS
bass:knob:accents,bass,MM-BASS,ACCENTS,value,,BASS
bass:knob:range,bass,MM-BASS,RANGE,value,3,BASS
bass:knob:root,bass,MM-BASS,ROOT,value,13,BASS
bass:knob:scale,bass,MM-BASS,SCALE,value,5,BASS
bass:key:run,bass,MM-BASS,RUN/STOP,press,,
bass:key:gen,bass,MM-BASS,GEN,press,,BASS
bass:key:mutate,bass,MM-BASS,MUTATE,press,,BASS
bass:key:clear,bass,MM-BASS,CLEAR,press,,BASS
bass:key:accent,bass,MM-BASS,ACCENT,press,,BASS
bass:key:slide,bass,MM-BASS,SLIDE,press,,BASS
bass:key:notedn,bass,MM-BASS,NOTE -,press,,BASS
bass:key:noteup,bass,MM-BASS,NOTE +,press,,BASS
bass:key:octdn,bass,MM-BASS,OCT -,press,,BASS
bass:key:octup,bass,MM-BASS,OCT +,press,,BASS
bass:running,bass,MM-BASS,RUN (ON / OFF),value,2,BASS
bass:trig:0,bass,MM-BASS,STEP 1,press,,BASS
bass:trig:1,bass,MM-BASS,STEP 2,press,,BASS
bass:trig:2,bass,MM-BASS,STEP 3,press,,BASS
bass:trig:3,bass,MM-BASS,STEP 4,press,,BASS
bass:trig:4,bass,MM-BASS,STEP 5,press,,BASS
bass:trig:5,bass,MM-BASS,STEP 6,press,,BASS
bass:trig:6,bass,MM-BASS,STEP 7,press,,BASS
bass:trig:7,bass,MM-BASS,STEP 8,press,,BASS
bass:trig:8,bass,MM-BASS,STEP 9,press,,BASS
bass:trig:9,bass,MM-BASS,STEP 10,press,,BASS
bass:trig:10,bass,MM-BASS,STEP 11,press,,BASS
bass:trig:11,bass,MM-BASS,STEP 12,press,,BASS
bass:trig:12,bass,MM-BASS,STEP 13,press,,BASS
bass:trig:13,bass,MM-BASS,STEP 14,press,,BASS
bass:trig:14,bass,MM-BASS,STEP 15,press,,BASS
bass:trig:15,bass,MM-BASS,STEP 16,press,,BASS
dj:dj-ch1-gain,dj,"MM-DECKS (table, platines, samplers, effets)",CHANNEL 1 (MM-RYTM) GAIN,value,,MIXER
dj:dj-ch1-hi,dj,"MM-DECKS (table, platines, samplers, effets)",CHANNEL 1 (MM-RYTM) EQ HI,value,,MIXER
dj:dj-ch1-mid,dj,"MM-DECKS (table, platines, samplers, effets)",CHANNEL 1 (MM-RYTM) EQ MID,value,,MIXER
dj:dj-ch1-low,dj,"MM-DECKS (table, platines, samplers, effets)",CHANNEL 1 (MM-RYTM) EQ LOW,value,,MIXER
dj:dj-ch1-filter,dj,"MM-DECKS (table, platines, samplers, effets)",CHANNEL 1 (MM-RYTM) FILTER,value,,MIXER LIVE
dj:dj-ch2-gain,dj,"MM-DECKS (table, platines, samplers, effets)",CHANNEL 2 (MM-ARP) GAIN,value,,MIXER
dj:dj-ch2-hi,dj,"MM-DECKS (table, platines, samplers, effets)",CHANNEL 2 (MM-ARP) EQ HI,value,,MIXER
dj:dj-ch2-mid,dj,"MM-DECKS (table, platines, samplers, effets)",CHANNEL 2 (MM-ARP) EQ MID,value,,MIXER
dj:dj-ch2-low,dj,"MM-DECKS (table, platines, samplers, effets)",CHANNEL 2 (MM-ARP) EQ LOW,value,,MIXER
dj:dj-ch2-filter,dj,"MM-DECKS (table, platines, samplers, effets)",CHANNEL 2 (MM-ARP) FILTER,value,,MIXER LIVE
dj:dj-ch3-gain,dj,"MM-DECKS (table, platines, samplers, effets)",CHANNEL 3 (DECK A) GAIN,value,,DECK MIXER
dj:dj-ch3-hi,dj,"MM-DECKS (table, platines, samplers, effets)",CHANNEL 3 (DECK A) EQ HI,value,,DECK MIXER
dj:dj-ch3-mid,dj,"MM-DECKS (table, platines, samplers, effets)",CHANNEL 3 (DECK A) EQ MID,value,,DECK MIXER
dj:dj-ch3-low,dj,"MM-DECKS (table, platines, samplers, effets)",CHANNEL 3 (DECK A) EQ LOW,value,,DECK MIXER
dj:dj-ch3-filter,dj,"MM-DECKS (table, platines, samplers, effets)",CHANNEL 3 (DECK A) FILTER,value,,DECK MIXER LIVE
dj:dj-ch4-gain,dj,"MM-DECKS (table, platines, samplers, effets)",CHANNEL 4 (DECK B) GAIN,value,,DECK MIXER
dj:dj-ch4-hi,dj,"MM-DECKS (table, platines, samplers, effets)",CHANNEL 4 (DECK B) EQ HI,value,,DECK MIXER
dj:dj-ch4-mid,dj,"MM-DECKS (table, platines, samplers, effets)",CHANNEL 4 (DECK B) EQ MID,value,,DECK MIXER
dj:dj-ch4-low,dj,"MM-DECKS (table, platines, samplers, effets)",CHANNEL 4 (DECK B) EQ LOW,value,,DECK MIXER
dj:dj-ch4-filter,dj,"MM-DECKS (table, platines, samplers, effets)",CHANNEL 4 (DECK B) FILTER,value,,DECK MIXER LIVE
dj:dj-fx-overdrive,dj,"MM-DECKS (table, platines, samplers, effets)",EFFECT OVERDRIVE,value,,DECK MIXER LIVE
dj:dj-fx-crush,dj,"MM-DECKS (table, platines, samplers, effets)",EFFECT CRUSH,value,,DECK MIXER LIVE
dj:dj-fx-chorus,dj,"MM-DECKS (table, platines, samplers, effets)",EFFECT CHORUS,value,,DECK MIXER LIVE
dj:dj-fx-flanger,dj,"MM-DECKS (table, platines, samplers, effets)",EFFECT FLANGER,value,,DECK MIXER LIVE
dj:dj-fx-trans,dj,"MM-DECKS (table, platines, samplers, effets)",EFFECT TRANS,value,,DECK MIXER LIVE
dj:dj-fx-delay,dj,"MM-DECKS (table, platines, samplers, effets)",EFFECT DELAY,value,,DECK MIXER LIVE
dj:dj-fx-reverb,dj,"MM-DECKS (table, platines, samplers, effets)",EFFECT REVERB,value,,DECK MIXER LIVE
dj:dj-fxto,dj,"MM-DECKS (table, platines, samplers, effets)","EFFECTS TO: ALL CHANNELS, OR ONE CHANNEL",value,5,DECK MIXER LIVE
dj:dj-master,dj,"MM-DECKS (table, platines, samplers, effets)",MASTER VOLUME,value,,DECK
dj:dj-ch1-fader,dj,"MM-DECKS (table, platines, samplers, effets)",CHANNEL 1 (MM-RYTM) FADER,value,,MIXER LIVE
dj:dj-ch2-fader,dj,"MM-DECKS (table, platines, samplers, effets)",CHANNEL 2 (MM-ARP) FADER,value,,MIXER LIVE
dj:dj-ch3-fader,dj,"MM-DECKS (table, platines, samplers, effets)",CHANNEL 3 (DECK A) FADER,value,,DECK MIXER LIVE
dj:dj-ch4-fader,dj,"MM-DECKS (table, platines, samplers, effets)",CHANNEL 4 (DECK B) FADER,value,,DECK MIXER LIVE
dj:dj-a-pitch,dj,"MM-DECKS (table, platines, samplers, effets)",DECK A PITCH,value,,DECK
dj:dj-b-pitch,dj,"MM-DECKS (table, platines, samplers, effets)",DECK B PITCH,value,,DECK
dj:dj-a-smpl-open,dj,"MM-DECKS (table, platines, samplers, effets)","DECK A SAMPLER: SHOW IT ON THE SCREEN, OR THE TRACK",hold,,DECK
dj:dj-a-smpl-recdeck,dj,"MM-DECKS (table, platines, samplers, effets)","DECK A SAMPLER: SAMPLE THE DECK (ITS LOOP, OR THE LAST BEATS)",hold,,DECK
dj:dj-a-smpl-recmix,dj,"MM-DECKS (table, platines, samplers, effets)",DECK A SAMPLER: SAMPLE THE MIXER OUTPUT (THE LAST BEATS),hold,,DECK MIXER LIVE
dj:dj-a-smpl-play,dj,"MM-DECKS (table, platines, samplers, effets)",DECK A SAMPLER: PLAY OR STOP,hold,,DECK LIVE
dj:dj-a-loop1,dj,"MM-DECKS (table, platines, samplers, effets)",DECK A LOOP 1 BEAT (PRESS AGAIN TO EXIT),hold,,DECK
dj:dj-a-loop2,dj,"MM-DECKS (table, platines, samplers, effets)",DECK A LOOP 2 BEATS (PRESS AGAIN TO EXIT),hold,,DECK
dj:dj-a-loop4,dj,"MM-DECKS (table, platines, samplers, effets)",DECK A LOOP 4 BEATS (PRESS AGAIN TO EXIT),hold,,DECK MIXER
dj:dj-a-loop8,dj,"MM-DECKS (table, platines, samplers, effets)",DECK A LOOP 8 BEATS (PRESS AGAIN TO EXIT),hold,,DECK
dj:dj-a-bendm,dj,"MM-DECKS (table, platines, samplers, effets)",DECK A BEND SLOWER (HOLD),hold,,DECK
dj:dj-a-bendp,dj,"MM-DECKS (table, platines, samplers, effets)",DECK A BEND FASTER (HOLD),hold,,DECK
dj:dj-a-cue,dj,"MM-DECKS (table, platines, samplers, effets)",DECK A CUE (HOLD TO PREVIEW),hold,,DECK MIXER LIVE
dj:dj-a-play,dj,"MM-DECKS (table, platines, samplers, effets)",DECK A PLAY OR PAUSE,hold,,DECK MIXER LIVE
dj:dj-a-tempom,dj,"MM-DECKS (table, platines, samplers, effets)",DECK A PITCH DOWN 0.1 BPM (HOLD TO REPEAT),hold,,DECK
dj:dj-a-tempop,dj,"MM-DECKS (table, platines, samplers, effets)",DECK A PITCH UP 0.1 BPM (HOLD TO REPEAT),hold,,DECK
dj:dj-a-sync,dj,"MM-DECKS (table, platines, samplers, effets)",DECK A SYNC: MATCH THE TEMPO YOU HEAR,hold,,DECK MIXER
dj:dj-b-smpl-open,dj,"MM-DECKS (table, platines, samplers, effets)","DECK B SAMPLER: SHOW IT ON THE SCREEN, OR THE TRACK",hold,,DECK
dj:dj-b-smpl-recdeck,dj,"MM-DECKS (table, platines, samplers, effets)","DECK B SAMPLER: SAMPLE THE DECK (ITS LOOP, OR THE LAST BEATS)",hold,,DECK
dj:dj-b-smpl-recmix,dj,"MM-DECKS (table, platines, samplers, effets)",DECK B SAMPLER: SAMPLE THE MIXER OUTPUT (THE LAST BEATS),hold,,DECK
dj:dj-b-smpl-play,dj,"MM-DECKS (table, platines, samplers, effets)",DECK B SAMPLER: PLAY OR STOP,hold,,DECK LIVE
dj:dj-b-loop1,dj,"MM-DECKS (table, platines, samplers, effets)",DECK B LOOP 1 BEAT (PRESS AGAIN TO EXIT),hold,,DECK
dj:dj-b-loop2,dj,"MM-DECKS (table, platines, samplers, effets)",DECK B LOOP 2 BEATS (PRESS AGAIN TO EXIT),hold,,DECK
dj:dj-b-loop4,dj,"MM-DECKS (table, platines, samplers, effets)",DECK B LOOP 4 BEATS (PRESS AGAIN TO EXIT),hold,,DECK MIXER
dj:dj-b-loop8,dj,"MM-DECKS (table, platines, samplers, effets)",DECK B LOOP 8 BEATS (PRESS AGAIN TO EXIT),hold,,DECK
dj:dj-b-bendm,dj,"MM-DECKS (table, platines, samplers, effets)",DECK B BEND SLOWER (HOLD),hold,,DECK
dj:dj-b-bendp,dj,"MM-DECKS (table, platines, samplers, effets)",DECK B BEND FASTER (HOLD),hold,,DECK
dj:dj-b-cue,dj,"MM-DECKS (table, platines, samplers, effets)",DECK B CUE (HOLD TO PREVIEW),hold,,DECK MIXER LIVE
dj:dj-b-play,dj,"MM-DECKS (table, platines, samplers, effets)",DECK B PLAY OR PAUSE,hold,,DECK MIXER LIVE
dj:dj-b-tempom,dj,"MM-DECKS (table, platines, samplers, effets)",DECK B PITCH DOWN 0.1 BPM (HOLD TO REPEAT),hold,,DECK
dj:dj-b-tempop,dj,"MM-DECKS (table, platines, samplers, effets)",DECK B PITCH UP 0.1 BPM (HOLD TO REPEAT),hold,,DECK
dj:dj-b-sync,dj,"MM-DECKS (table, platines, samplers, effets)",DECK B SYNC: MATCH THE TEMPO YOU HEAR,hold,,DECK MIXER
dj:dj-time1,dj,"MM-DECKS (table, platines, samplers, effets)",EFFECTS TIME 1/4 BEATS,hold,,MIXER LIVE
dj:dj-time2,dj,"MM-DECKS (table, platines, samplers, effets)",EFFECTS TIME 1/2 BEATS,hold,,MIXER LIVE
dj:dj-time3,dj,"MM-DECKS (table, platines, samplers, effets)",EFFECTS TIME 3/4 BEATS,hold,,MIXER
dj:dj-time4,dj,"MM-DECKS (table, platines, samplers, effets)",EFFECTS TIME 1 BEAT,hold,,MIXER LIVE
dj:dj-time5,dj,"MM-DECKS (table, platines, samplers, effets)",EFFECTS TIME 2 BEATS,hold,,MIXER LIVE
dj:dj-time6,dj,"MM-DECKS (table, platines, samplers, effets)",EFFECTS TIME 4 BEATS,hold,,MIXER
dj:dj-machines,dj,"MM-DECKS (table, platines, samplers, effets)","PLAY OR STOP THE MM-RYTM AND THE MM-ARP TOGETHER, KEY G",hold,,
dj:dj-adddeck,dj,"MM-DECKS (table, platines, samplers, effets)","ADD A DECK, WITH ITS CHANNEL ON THE MIXER",hold,,MIXER
dj:smpl:a:knob:start,dj,"MM-DECKS (table, platines, samplers, effets)",SMPL A START,value,,
dj:smpl:a:knob:end,dj,"MM-DECKS (table, platines, samplers, effets)",SMPL A END,value,,
dj:smpl:a:knob:pitch,dj,"MM-DECKS (table, platines, samplers, effets)",SMPL A PITCH,value,49,DECK
dj:smpl:a:knob:level,dj,"MM-DECKS (table, platines, samplers, effets)",SMPL A LEVEL,value,,DECK
dj:smpl:a:knob:attack,dj,"MM-DECKS (table, platines, samplers, effets)",SMPL A ATTACK,value,,
dj:smpl:a:knob:release,dj,"MM-DECKS (table, platines, samplers, effets)",SMPL A RELEASE,value,,
dj:smpl:a:knob:filter,dj,"MM-DECKS (table, platines, samplers, effets)",SMPL A FILTER,value,,DECK
dj:smpl:a:knob:position,dj,"MM-DECKS (table, platines, samplers, effets)",SMPL A POSITION,value,,DECK
dj:smpl:a:knob:scan,dj,"MM-DECKS (table, platines, samplers, effets)",SMPL A SCAN,value,,
dj:smpl:a:knob:size,dj,"MM-DECKS (table, platines, samplers, effets)",SMPL A SIZE,value,,
dj:smpl:a:knob:density,dj,"MM-DECKS (table, platines, samplers, effets)",SMPL A DENSITY,value,,
dj:smpl:a:knob:spray,dj,"MM-DECKS (table, platines, samplers, effets)",SMPL A SPRAY,value,,
dj:smpl:a:mode,dj,"MM-DECKS (table, platines, samplers, effets)",SMPL A MODE,press,,DECK
dj:smpl:a:slices,dj,"MM-DECKS (table, platines, samplers, effets)",SMPL A SLICES,press,,
dj:smpl:a:len,dj,"MM-DECKS (table, platines, samplers, effets)",SMPL A LEN,press,,
dj:smpl:a:rev,dj,"MM-DECKS (table, platines, samplers, effets)",SMPL A REV,press,,
dj:smpl:a:loop,dj,"MM-DECKS (table, platines, samplers, effets)",SMPL A LOOP,press,,
dj:smpl:a:random,dj,"MM-DECKS (table, platines, samplers, effets)",SMPL A RANDOM,press,,
dj:smpl:a:clear,dj,"MM-DECKS (table, platines, samplers, effets)",SMPL A CLEAR,press,,
dj:smpl:a:save,dj,"MM-DECKS (table, platines, samplers, effets)",SMPL A SAVE,press,,
dj:smpl:a:stop,dj,"MM-DECKS (table, platines, samplers, effets)",SMPL A STOP,press,,
dj:smpl:a:pad:0,dj,"MM-DECKS (table, platines, samplers, effets)",SMPL A PAD 1,hold,,
dj:smpl:a:pad:1,dj,"MM-DECKS (table, platines, samplers, effets)",SMPL A PAD 2,hold,,
dj:smpl:a:pad:2,dj,"MM-DECKS (table, platines, samplers, effets)",SMPL A PAD 3,hold,,
dj:smpl:a:pad:3,dj,"MM-DECKS (table, platines, samplers, effets)",SMPL A PAD 4,hold,,
dj:smpl:a:pad:4,dj,"MM-DECKS (table, platines, samplers, effets)",SMPL A PAD 5,hold,,
dj:smpl:a:pad:5,dj,"MM-DECKS (table, platines, samplers, effets)",SMPL A PAD 6,hold,,
dj:smpl:a:pad:6,dj,"MM-DECKS (table, platines, samplers, effets)",SMPL A PAD 7,hold,,
dj:smpl:a:pad:7,dj,"MM-DECKS (table, platines, samplers, effets)",SMPL A PAD 8,hold,,
dj:smpl:a:pad:8,dj,"MM-DECKS (table, platines, samplers, effets)",SMPL A PAD 9,hold,,
dj:smpl:a:pad:9,dj,"MM-DECKS (table, platines, samplers, effets)",SMPL A PAD 10,hold,,
dj:smpl:a:pad:10,dj,"MM-DECKS (table, platines, samplers, effets)",SMPL A PAD 11,hold,,
dj:smpl:a:pad:11,dj,"MM-DECKS (table, platines, samplers, effets)",SMPL A PAD 12,hold,,
dj:smpl:a:pad:12,dj,"MM-DECKS (table, platines, samplers, effets)",SMPL A PAD 13,hold,,
dj:smpl:a:pad:13,dj,"MM-DECKS (table, platines, samplers, effets)",SMPL A PAD 14,hold,,
dj:smpl:a:pad:14,dj,"MM-DECKS (table, platines, samplers, effets)",SMPL A PAD 15,hold,,
dj:smpl:a:pad:15,dj,"MM-DECKS (table, platines, samplers, effets)",SMPL A PAD 16,hold,,
dj:smpl:b:knob:start,dj,"MM-DECKS (table, platines, samplers, effets)",SMPL B START,value,,
dj:smpl:b:knob:end,dj,"MM-DECKS (table, platines, samplers, effets)",SMPL B END,value,,
dj:smpl:b:knob:pitch,dj,"MM-DECKS (table, platines, samplers, effets)",SMPL B PITCH,value,49,DECK
dj:smpl:b:knob:level,dj,"MM-DECKS (table, platines, samplers, effets)",SMPL B LEVEL,value,,DECK
dj:smpl:b:knob:attack,dj,"MM-DECKS (table, platines, samplers, effets)",SMPL B ATTACK,value,,
dj:smpl:b:knob:release,dj,"MM-DECKS (table, platines, samplers, effets)",SMPL B RELEASE,value,,
dj:smpl:b:knob:filter,dj,"MM-DECKS (table, platines, samplers, effets)",SMPL B FILTER,value,,DECK
dj:smpl:b:knob:position,dj,"MM-DECKS (table, platines, samplers, effets)",SMPL B POSITION,value,,DECK
dj:smpl:b:knob:scan,dj,"MM-DECKS (table, platines, samplers, effets)",SMPL B SCAN,value,,
dj:smpl:b:knob:size,dj,"MM-DECKS (table, platines, samplers, effets)",SMPL B SIZE,value,,
dj:smpl:b:knob:density,dj,"MM-DECKS (table, platines, samplers, effets)",SMPL B DENSITY,value,,
dj:smpl:b:knob:spray,dj,"MM-DECKS (table, platines, samplers, effets)",SMPL B SPRAY,value,,
dj:smpl:b:mode,dj,"MM-DECKS (table, platines, samplers, effets)",SMPL B MODE,press,,DECK
dj:smpl:b:slices,dj,"MM-DECKS (table, platines, samplers, effets)",SMPL B SLICES,press,,
dj:smpl:b:len,dj,"MM-DECKS (table, platines, samplers, effets)",SMPL B LEN,press,,
dj:smpl:b:rev,dj,"MM-DECKS (table, platines, samplers, effets)",SMPL B REV,press,,
dj:smpl:b:loop,dj,"MM-DECKS (table, platines, samplers, effets)",SMPL B LOOP,press,,
dj:smpl:b:random,dj,"MM-DECKS (table, platines, samplers, effets)",SMPL B RANDOM,press,,
dj:smpl:b:clear,dj,"MM-DECKS (table, platines, samplers, effets)",SMPL B CLEAR,press,,
dj:smpl:b:save,dj,"MM-DECKS (table, platines, samplers, effets)",SMPL B SAVE,press,,
dj:smpl:b:stop,dj,"MM-DECKS (table, platines, samplers, effets)",SMPL B STOP,press,,
dj:smpl:b:pad:0,dj,"MM-DECKS (table, platines, samplers, effets)",SMPL B PAD 1,hold,,
dj:smpl:b:pad:1,dj,"MM-DECKS (table, platines, samplers, effets)",SMPL B PAD 2,hold,,
dj:smpl:b:pad:2,dj,"MM-DECKS (table, platines, samplers, effets)",SMPL B PAD 3,hold,,
dj:smpl:b:pad:3,dj,"MM-DECKS (table, platines, samplers, effets)",SMPL B PAD 4,hold,,
dj:smpl:b:pad:4,dj,"MM-DECKS (table, platines, samplers, effets)",SMPL B PAD 5,hold,,
dj:smpl:b:pad:5,dj,"MM-DECKS (table, platines, samplers, effets)",SMPL B PAD 6,hold,,
dj:smpl:b:pad:6,dj,"MM-DECKS (table, platines, samplers, effets)",SMPL B PAD 7,hold,,
dj:smpl:b:pad:7,dj,"MM-DECKS (table, platines, samplers, effets)",SMPL B PAD 8,hold,,
dj:smpl:b:pad:8,dj,"MM-DECKS (table, platines, samplers, effets)",SMPL B PAD 9,hold,,
dj:smpl:b:pad:9,dj,"MM-DECKS (table, platines, samplers, effets)",SMPL B PAD 10,hold,,
dj:smpl:b:pad:10,dj,"MM-DECKS (table, platines, samplers, effets)",SMPL B PAD 11,hold,,
dj:smpl:b:pad:11,dj,"MM-DECKS (table, platines, samplers, effets)",SMPL B PAD 12,hold,,
dj:smpl:b:pad:12,dj,"MM-DECKS (table, platines, samplers, effets)",SMPL B PAD 13,hold,,
dj:smpl:b:pad:13,dj,"MM-DECKS (table, platines, samplers, effets)",SMPL B PAD 14,hold,,
dj:smpl:b:pad:14,dj,"MM-DECKS (table, platines, samplers, effets)",SMPL B PAD 15,hold,,
dj:smpl:b:pad:15,dj,"MM-DECKS (table, platines, samplers, effets)",SMPL B PAD 16,hold,,
nav:all,global,Partout (navigation),MM-STUDIO (ALL THE MACHINES),press,,BASS MIXER
nav:mm808,global,Partout (navigation),GO TO MM-RYTM,press,,
nav:voy,global,Partout (navigation),GO TO MM-ARP,press,,
nav:bass,global,Partout (navigation),GO TO MM-BASS,press,,
nav:dj,global,Partout (navigation),GO TO MM-DECKS,press,,
nav:prev,global,Partout (navigation),PREVIOUS MACHINE,press,,RYTM ARP BASS MIXER LIVE
nav:next,global,Partout (navigation),NEXT MACHINE,press,,RYTM ARP BASS MIXER LIVE
nav:machines,global,Partout (navigation),PLAY/STOP RYTM + ARP,press,,RYTM ARP BASS MIXER LIVE
